industry_name,N,total,pct
Manufacturing,25396,52191,48.6597306048936
Transportation & Warehousing,6820,52191,13.0673870973923
"Mining, Quarrying, & Oil and Gas Extraction",2212,52191,4.23827863041521
Accomodation & Food Services,1554,52191,2.97752486060815
Construction,13790,52191,26.4221800693606
Utilities,993,52191,1.90262688969363
"Agriculture, Forestry, Fishing & Hunting",1426,52191,2.73227184763657
